Episode,Time steps,Rewards,Tiles,Reward means,Tile means
0,1500.0,-107.99999999999764,14.0,-107.99999999999764,14.0
1,3000.0,-101.99999999999821,16.0,-104.99999999999793,15.0
2,4500.0,-116.99999999999709,11.0,-108.99999999999766,13.666666666666666
3,6000.0,-116.99999999999704,11.0,-110.9999999999975,13.0
4,7500.0,-107.99999999999763,14.0,-110.39999999999752,13.2
5,9000.0,-116.99999999999703,11.0,-111.49999999999744,12.833333333333334
6,10500.0,-116.99999999999721,11.0,-112.28571428571169,12.571428571428571
7,12000.0,-104.99999999999757,15.0,-111.37499999999743,12.875
8,13500.0,-122.99999999999707,9.0,-112.66666666666406,12.444444444444445
9,15000.0,-113.99999999999748,12.0,-112.79999999999741,12.4
10,16500.0,-113.99999999999726,12.0,-112.9090909090883,12.363636363636363
11,18000.0,-110.99999999999764,13.0,-112.7499999999974,12.416666666666666
12,19500.0,-116.9999999999969,11.0,-113.07692307692045,12.307692307692308
13,21000.0,-107.99999999999766,14.0,-112.7142857142831,12.428571428571429
14,22500.0,-104.9999999999974,15.0,-112.19999999999739,12.6
15,24000.0,-107.99999999999719,14.0,-111.93749999999737,12.6875
16,25500.0,-104.99999999999791,15.0,-111.52941176470328,12.823529411764707
17,26985.0,-139.3999999999982,13.0,-113.07777777777522,12.833333333333334
18,28485.0,-107.99999999999743,14.0,-112.81052631578692,12.894736842105264
19,29985.0,-101.99999999999763,16.0,-112.26999999999745,13.05
20,31485.0,-101.99999999999797,16.0,-111.96999999999748,13.15
21,32985.0,-98.99999999999814,17.0,-111.81999999999746,13.2
22,34485.0,-107.9999999999977,14.0,-111.3699999999975,13.35
23,35985.0,-113.99999999999726,12.0,-111.2199999999975,13.4
24,37485.0,-110.99999999999724,13.0,-111.36999999999748,13.35
25,38713.0,-101.7000000000007,17.0,-110.60499999999767,13.65
26,40213.0,-110.99999999999787,13.0,-110.30499999999772,13.75
27,41713.0,-113.999999999997,12.0,-110.75499999999768,13.6
28,43213.0,-101.99999999999821,16.0,-109.70499999999774,13.95
29,44713.0,-86.99999999999916,21.0,-108.35499999999782,14.4
30,45750.0,-82.60000000000085,17.0,-106.78499999999799,14.65
31,47250.0,-69.00000000000077,27.0,-104.68499999999815,15.35
32,48572.0,-120.09999999999859,14.0,-104.83999999999824,15.5
33,50072.0,-71.99999999999973,26.0,-103.03999999999834,16.1
34,51572.0,-92.99999999999852,19.0,-102.43999999999839,16.3
35,52307.0,-55.4,16.0,-99.80999999999855,16.4
36,53807.0,-110.99999999999723,13.0,-100.10999999999851,16.3
37,55307.0,-107.99999999999721,14.0,-98.53999999999846,16.35
38,56807.0,-110.99999999999726,13.0,-98.68999999999845,16.3
39,58307.0,-98.99999999999845,17.0,-98.5399999999985,16.35
40,59807.0,-39.00000000000102,37.0,-95.38999999999865,17.4
41,61307.0,-89.99999999999766,20.0,-94.93999999999862,17.55
42,62807.0,-72.00000000000038,26.0,-93.13999999999876,18.15
43,64307.0,-57.00000000000135,31.0,-90.28999999999895,19.1
44,65807.0,-89.99999999999837,20.0,-89.23999999999901,19.45
45,67307.0,-95.99999999999812,18.0,-88.95499999999889,19.5
46,68686.0,-104.80000000000022,21.0,-88.644999999999,19.9
47,70186.0,-104.99999999999845,15.0,-88.19499999999907,20.05
48,71686.0,-86.9999999999983,21.0,-87.44499999999908,20.3
49,73186.0,-72.00000000000064,26.0,-86.69499999999917,20.55
50,74686.0,-71.99999999999962,26.0,-86.1649999999991,21.0
51,76186.0,-86.99999999999815,21.0,-87.06499999999896,20.7
52,77686.0,-104.99999999999783,15.0,-86.30999999999892,20.75
53,79186.0,-27.000000000000618,41.0,-84.05999999999896,21.5
54,80686.0,-104.99999999999744,15.0,-84.65999999999892,21.3
55,82186.0,-48.00000000000082,34.0,-84.28999999999895,22.2
56,83686.0,-107.99999999999787,14.0,-84.13999999999899,22.25
57,85186.0,-39.00000000000141,37.0,-80.68999999999919,23.4
58,86481.0,-114.39999999999945,15.0,-80.8599999999993,23.5
59,87981.0,-89.99999999999903,20.0,-80.40999999999933,23.65
60,89170.0,-88.80000000000072,20.0,-82.89999999999932,22.8
61,90670.0,-95.99999999999824,18.0,-83.19999999999935,22.7
62,91480.0,-68.90000000000043,14.0,-83.04499999999936,22.1
63,92786.0,-97.50000000000074,21.0,-85.06999999999933,21.6
64,94286.0,-17.999999999999854,44.0,-81.4699999999994,22.8
65,95786.0,-101.99999999999781,16.0,-81.76999999999938,22.7
66,97286.0,-51.0000000000013,33.0,-79.07999999999944,23.3
67,98786.0,-92.99999999999895,19.0,-78.47999999999946,23.5
68,99463.0,-40.599999999999845,19.0,-76.15999999999954,23.4
69,100674.0,-42.99999999999978,36.0,-74.7099999999995,23.9
70,102174.0,-68.99999999999976,27.0,-74.5599999999995,23.95
71,103072.0,-59.70000000000054,20.0,-73.19499999999962,23.9
72,104572.0,-39.000000000001535,37.0,-69.89499999999981,25.0
73,105268.0,-36.49999999999991,21.0,-70.36999999999978,24.0
74,106768.0,-45.0000000000012,35.0,-67.36999999999996,25.0
75,107718.0,-70.90000000000063,18.0,-68.51499999999996,24.2
76,108323.0,-45.39999999999996,15.0,-65.38500000000006,24.25
77,109823.0,-98.99999999999875,17.0,-68.38499999999992,23.25
78,111323.0,-92.99999999999773,19.0,-67.31499999999984,23.45
79,112281.0,-83.70000000000091,14.0,-66.99999999999993,23.15
80,113781.0,-86.99999999999872,21.0,-66.90999999999983,23.2
81,115227.0,-57.50000000000026,39.0,-64.98499999999993,24.25
82,116713.0,-31.500000000000767,49.0,-63.11499999999995,26.0
83,117973.0,-35.89999999999983,40.0,-60.03499999999991,26.95
84,118722.0,-50.8000000000004,18.0,-61.67499999999993,25.65
85,119645.0,-20.200000000001058,34.0,-57.58500000000009,26.55
86,120822.0,11.399999999998784,53.0,-54.46500000000009,27.55
87,121097.0,-27.399999999999917,10.0,-51.18500000000013,27.1
88,121828.0,-45.999999999999815,19.0,-51.45500000000013,27.1
89,123328.0,-12.000000000000902,46.0,-49.90500000000019,27.6
90,124828.0,3.0000000000002744,51.0,-46.30500000000019,28.8
91,126328.0,5.999999999999686,52.0,-43.02000000000018,30.4
92,126656.0,-23.69999999999997,13.0,-42.255000000000095,29.2
93,128156.0,-75.00000000000082,25.0,-44.18000000000014,29.4
94,129415.0,-98.80000000000041,19.0,-46.870000000000104,28.6
95,130915.0,-68.99999999999932,27.0,-46.77500000000005,29.05
96,132415.0,5.999999999998815,52.0,-44.205000000000105,30.9
97,133120.0,-37.39999999999984,21.0,-41.125000000000156,31.1
98,133578.0,-21.699999999999868,18.0,-37.560000000000265,31.05
99,135078.0,-104.9999999999982,15.0,-38.62500000000013,31.1
100,136337.0,18.200000000000657,58.0,-33.36500000000016,32.95
101,136913.0,-48.499999999999915,13.0,-32.91500000000014,31.65
102,137941.0,35.30000000000152,56.0,-29.575000000000024,32.0
103,139086.0,5.599999999998602,50.0,-27.500000000000103,32.5
104,139484.0,-18.699999999999914,17.0,-25.895000000000078,32.45
105,139939.0,-18.399999999999928,19.0,-25.805000000000025,31.7
106,140704.0,-46.39999999999985,20.0,-28.694999999999958,30.05
107,140939.0,0.5999999999998735,18.0,-27.294999999999966,30.45
108,141371.0,-19.099999999999888,18.0,-25.94999999999997,30.4
109,142118.0,-62.60000000000006,14.0,-28.479999999999926,28.8
110,142451.0,26.799999999999862,30.0,-27.289999999999946,27.75
111,142932.0,8.99999999999956,29.0,-27.139999999999958,26.6
112,144432.0,-92.99999999999906,19.0,-30.604999999999905,26.9
113,145175.0,-41.19999999999997,21.0,-28.914999999999868,26.7
114,146212.0,43.400000000002876,59.0,-21.8049999999997,28.7
115,147566.0,-99.30000000000074,22.0,-23.319999999999773,28.45
116,147889.0,3.7999999999998124,22.0,-23.429999999999723,26.95
117,149372.0,-46.20000000000144,44.0,-23.8699999999998,28.1
118,150209.0,48.40000000000032,54.0,-20.364999999999792,29.9
119,151709.0,45.00000000000243,65.0,-12.864999999999764,32.4
120,153209.0,21.00000000000162,57.0,-12.724999999999714,32.35
121,154152.0,46.800000000002655,57.0,-7.959999999999587,34.55
122,155652.0,12.000000000001734,54.0,-9.124999999999574,34.45
123,155839.0,23.3999999999999,24.0,-8.23499999999951,33.15
124,156016.0,12.399999999999913,20.0,-6.679999999999518,33.3
125,156681.0,62.60000000000045,53.0,-2.6299999999995003,35.0
126,157023.0,-13.100000000000026,17.0,-0.964999999999509,34.85
127,158523.0,-75.0000000000004,25.0,-4.744999999999523,35.2
128,159447.0,48.69999999999959,57.0,-1.3549999999995492,37.15
129,160077.0,9.099999999999362,34.0,2.2300000000004223,38.15
130,160820.0,51.80000000000145,52.0,3.4800000000005014,39.25
131,161017.0,19.399999999999856,23.0,4.000000000000516,38.95
132,161534.0,-24.599999999999824,19.0,7.420000000000478,38.95
133,162665.0,31.00000000000017,58.0,11.030000000000484,40.8
134,163856.0,52.00000000000327,67.0,11.460000000000504,41.2
135,164258.0,-1.1000000000001862,23.0,16.37000000000053,41.25
136,164548.0,1.099999999999909,20.0,16.235000000000536,41.15
137,164754.0,-14.499999999999979,12.0,17.82000000000061,39.55
138,165646.0,51.90000000000185,57.0,17.99500000000069,39.7
139,166016.0,-3.900000000000027,21.0,15.550000000000566,37.5
140,166916.0,39.09999999999985,53.0,16.455000000000474,37.3
141,167321.0,4.599999999999817,25.0,14.345000000000335,35.7
142,167706.0,-5.4000000000001975,21.0,13.475000000000236,34.05
143,167923.0,8.399999999999885,20.0,12.725000000000236,33.85
144,169423.0,33.000000000004505,61.0,13.755000000000464,35.9
145,170263.0,51.10000000000099,55.0,13.180000000000494,36.0
146,170512.0,5.199999999999825,20.0,14.095000000000487,36.15
147,171223.0,61.00000000000185,54.0,20.8950000000006,37.6
148,172723.0,-92.9999999999994,19.0,13.81000000000065,35.7
149,173755.0,73.900000000003,69.0,17.05000000000083,37.45
150,174189.0,82.70000000000061,52.0,18.595000000000788,37.45
151,174830.0,41.00000000000061,45.0,19.675000000000825,38.55
152,176330.0,-86.99999999999953,21.0,16.55500000000084,38.65
153,177830.0,-89.99999999999957,20.0,10.505000000000853,36.75
154,179330.0,30.000000000003,60.0,9.40500000000084,36.4
155,179809.0,81.2000000000004,53.0,13.520000000000868,37.9
156,181309.0,36.000000000003084,62.0,15.265000000001027,40.0
157,182809.0,-92.9999999999993,19.0,11.340000000001064,40.35
158,183192.0,87.80000000000052,52.0,13.135000000000996,40.1
159,183363.0,0.9999999999999645,16.0,13.380000000000996,39.85
160,183981.0,-16.70000000000062,25.0,10.590000000000972,38.45
161,185481.0,-95.99999999999918,18.0,5.560000000001021,38.1
162,185880.0,89.20000000000073,53.0,10.290000000001069,39.7
163,187068.0,-52.70000000000068,32.0,7.2350000000010395,40.3
164,188405.0,-67.60000000000097,32.0,2.2050000000007657,38.85
165,188864.0,-24.800000000000324,17.0,-1.5899999999993,36.95
166,190364.0,-92.99999999999935,19.0,-6.499999999999258,36.9
167,191864.0,-116.99999999999706,11.0,-15.399999999999205,34.75
168,193364.0,12.000000000003297,54.0,-10.149999999999068,36.5
169,193531.0,4.399999999999942,17.0,-13.624999999999222,33.9
170,194317.0,-33.500000000000504,25.0,-19.434999999999278,32.55
171,195817.0,-92.99999999999937,19.0,-26.134999999999273,31.25
172,197171.0,38.700000000006185,68.0,-19.849999999998992,33.6
173,198671.0,-92.99999999999937,19.0,-19.999999999998984,33.55
174,200171.0,-107.99999999999827,14.0,-26.899999999999046,31.25
175,200474.0,53.80000000000018,38.0,-28.269999999999055,30.5
176,201974.0,33.00000000000473,61.0,-28.41999999999897,30.45
177,203474.0,6.0000000000033324,52.0,-23.46999999999884,32.1
178,204974.0,3.000000000002884,51.0,-27.709999999998722,32.05
179,206474.0,-92.99999999999937,19.0,-32.40999999999869,32.2
180,207974.0,-95.99999999999916,18.0,-36.37499999999862,31.85
181,209474.0,21.000000000004135,57.0,-30.524999999998453,33.8
182,210974.0,-92.99999999999918,19.0,-39.63499999999844,32.1
183,212474.0,-95.99999999999919,18.0,-41.79999999999837,31.4
184,212805.0,75.00000000000031,46.0,-34.66999999999831,32.1
185,214305.0,-60.00000000000144,30.0,-36.429999999998365,32.75
186,215805.0,-57.000000000000895,31.0,-34.62999999999844,33.35
187,217305.0,-69.00000000000112,27.0,-32.22999999999864,34.15
188,217526.0,22.999999999999837,25.0,-31.679999999998813,32.7
189,217783.0,19.39999999999977,25.0,-30.929999999998824,33.1
190,219283.0,-92.9999999999994,19.0,-33.90499999999877,32.8
191,220783.0,-75.00000000000065,25.0,-33.00499999999884,33.1
192,222283.0,123.00000000000728,91.0,-28.78999999999878,34.25
193,223783.0,30.000000000005002,60.0,-22.639999999998558,36.3
194,225283.0,-92.99999999999936,19.0,-21.889999999998615,36.55
195,226086.0,66.80000000000354,59.0,-21.23999999999845,37.6
196,227586.0,-89.99999999999963,20.0,-27.38999999999867,35.55
197,227938.0,93.90000000000086,53.0,-22.99499999999879,35.6
198,229438.0,-92.99999999999942,19.0,-27.7949999999989,34.0
199,229769.0,102.00000000000082,55.0,-18.044999999998897,35.8
200,231269.0,-92.99999999999942,19.0,-17.89499999999891,35.85
201,231587.0,100.30000000000078,54.0,-13.929999999999078,35.7
202,233087.0,21.00000000000442,57.0,-8.229999999998896,37.6
203,233280.0,25.799999999999834,25.0,-2.139999999998945,37.95
204,233610.0,111.10000000000088,58.0,-0.33499999999891655,38.55
205,235110.0,-84.00000000000006,22.0,-1.5349999999988473,38.15
206,235450.0,101.10000000000082,55.0,6.370000000001238,39.35
207,235822.0,109.90000000000111,59.0,15.315000000001351,40.95
208,236168.0,103.50000000000097,56.0,19.340000000001407,42.5
209,237668.0,-63.00000000000136,29.0,15.220000000001349,42.7
210,239168.0,-75.0000000000007,25.0,16.120000000001287,43.0
211,239544.0,103.5000000000008,57.0,25.04500000000136,44.6
212,239764.0,41.099999999999966,31.0,20.95000000000099,41.6
213,240076.0,100.90000000000077,54.0,24.49500000000078,41.3
214,240262.0,23.499999999999844,24.0,30.320000000000743,41.55
215,240450.0,26.29999999999984,25.0,28.295000000000556,39.85
216,240642.0,25.899999999999835,25.0,34.09000000000053,40.1
217,240973.0,111.00000000000088,58.0,34.945000000000526,40.35
218,242473.0,-86.99999999999984,21.0,35.2450000000005,40.45
219,242776.0,98.8000000000007,53.0,35.085000000000505,40.35
220,244276.0,21.000000000004476,57.0,40.78500000000069,42.25
221,244580.0,59.70000000000033,40.0,38.75500000000068,41.55
222,245008.0,11.299999999999557,28.0,38.27000000000043,40.1
223,246508.0,-20.99999999999834,43.0,35.930000000000526,41.0
224,246747.0,54.20000000000012,36.0,33.085000000000484,39.9
225,247140.0,107.80000000000092,59.0,42.67500000000054,41.75
226,247497.0,84.40000000000069,50.0,41.84000000000053,41.5
227,247730.0,51.80000000000011,35.0,38.93500000000048,40.3
228,247956.0,49.50000000000006,34.0,36.23500000000043,39.2
229,248362.0,148.5000000000013,73.0,46.810000000000564,41.4
230,249862.0,24.000000000004633,58.0,51.76000000000083,43.05
231,250272.0,136.1000000000012,69.0,53.39000000000085,43.65
232,251772.0,144.0000000000073,98.0,58.53500000000122,47.0
233,253272.0,192.00000000000094,114.0,63.090000000001226,50.0
234,253705.0,160.80000000000146,78.0,69.95500000000132,52.7
235,254407.0,211.90000000000262,104.0,79.23500000000145,56.65
236,255296.0,331.199999999998,150.0,94.50000000000135,62.9
237,255768.0,165.90000000000168,81.0,97.2450000000014,64.05
238,256511.0,267.7999999999994,124.0,114.98500000000135,69.2
239,257466.0,354.59999999999627,160.0,127.77500000000114,74.55
240,257645.0,24.199999999999854,24.0,127.9350000000009,72.9
241,259145.0,197.9999999999993,116.0,134.85000000000088,76.7
242,259342.0,19.399999999999864,23.0,135.25500000000085,76.45
243,259668.0,108.50000000000085,57.0,141.73000000000084,77.15
244,259842.0,18.69999999999986,22.0,139.9550000000008,76.45
245,261342.0,194.99999999999855,115.0,144.31500000000068,79.25
246,261644.0,62.900000000000375,41.0,143.2400000000007,78.8
247,261954.0,65.10000000000045,42.0,143.9050000000007,79.15
248,262128.0,21.69999999999986,23.0,142.5150000000007,78.6
249,262477.0,106.20000000000098,57.0,140.40000000000066,77.8
250,262718.0,51.000000000000085,35.0,141.75000000000045,76.65
251,263062.0,106.70000000000095,57.0,140.28000000000043,76.05
252,263368.0,101.50000000000074,54.0,138.15500000000011,73.85
253,263670.0,62.90000000000042,41.0,131.7000000000001,70.2
254,263961.0,61.000000000000384,40.0,126.71000000000001,68.3
255,264296.0,104.60000000000088,56.0,121.34499999999994,65.9
256,264624.0,57.30000000000052,40.0,107.65000000000006,60.4
257,264810.0,20.499999999999844,23.0,100.37999999999997,57.5
258,264985.0,21.59999999999986,23.0,88.07000000000001,52.45
259,265295.0,65.10000000000039,42.0,73.59500000000021,46.55
260,265598.0,98.80000000000072,53.0,77.32500000000024,48.0
261,265769.0,18.999999999999865,22.0,68.37500000000026,43.3
262,266095.0,105.50000000000085,56.0,72.68000000000032,44.95
263,266383.0,58.300000000000324,39.0,70.1700000000003,44.05
264,266658.0,59.60000000000031,39.0,72.21500000000033,44.9
265,266921.0,87.8000000000005,48.0,66.85500000000042,41.55
266,268421.0,194.99999999999997,115.0,73.4600000000004,45.25
267,268727.0,98.50000000000074,53.0,75.13000000000041,45.8
268,269587.0,289.0999999999965,135.0,88.50000000000024,51.4
269,269898.0,59.00000000000037,40.0,86.14000000000021,50.55
270,270224.0,105.50000000000085,56.0,88.86500000000025,51.6
271,270995.0,273.9999999999987,127.0,97.23000000000013,55.1
272,271268.0,56.800000000000296,38.0,94.9950000000001,54.3
273,271425.0,11.399999999999885,19.0,92.42000000000009,53.2
274,271589.0,16.699999999999875,21.0,90.20500000000006,52.25
275,271885.0,60.500000000000426,40.0,88.00000000000003,51.45
276,272211.0,105.50000000000085,56.0,90.41000000000005,52.25
277,272456.0,53.60000000000011,36.0,92.06500000000007,52.9
278,272722.0,51.5000000000001,36.0,93.56000000000007,53.55
279,273472.0,276.0999999999989,127.0,104.10999999999999,57.8
280,273600.0,-18.699999999999957,8.0,98.23499999999997,55.55
281,274380.0,279.0999999999987,129.0,111.23999999999992,60.9
282,274682.0,98.90000000000072,53.0,110.9099999999999,60.75
283,275521.0,288.199999999997,134.0,122.40499999999975,65.5
284,275835.0,103.70000000000078,55.0,124.60999999999976,66.3
285,277335.0,257.99999999998187,136.0,133.1199999999988,70.7
286,278835.0,-84.00000000000003,22.0,119.16999999999882,66.05
287,280335.0,-84.00000000000006,22.0,110.0449999999988,64.5
288,281835.0,-84.00000000000006,22.0,91.38999999999896,58.85
289,283335.0,12.000000000003908,54.0,89.03999999999914,59.55
290,284835.0,6.000000000003588,52.0,84.06499999999929,59.35
291,286335.0,-29.999999999998895,40.0,68.86499999999941,55.0
292,286650.0,100.60000000000079,54.0,71.05499999999942,55.8
293,286982.0,107.90000000000089,57.0,75.87999999999947,57.7
294,287135.0,14.79999999999989,20.0,75.78499999999948,57.65
295,287292.0,14.399999999999885,20.0,73.47999999999945,56.65
296,288792.0,-89.99999999999963,20.0,63.70499999999943,54.85
297,290292.0,-89.99999999999963,20.0,56.52499999999943,54.05
298,291792.0,15.000000000004068,55.0,54.69999999999963,55.0
299,293292.0,15.000000000004068,55.0,41.64499999999989,51.4
300,294792.0,21.000000000003446,57.0,43.63000000000007,53.85
301,296292.0,60.00000000000725,70.0,32.67500000000049,50.9
302,296784.0,28.89999999999941,36.0,29.17500000000042,50.05
303,297997.0,-43.200000000001054,36.0,12.605000000000524,45.15
304,299497.0,-92.99999999999942,19.0,2.770000000000514,43.35
305,299960.0,31.79999999999945,36.0,-8.539999999998608,38.35
306,300258.0,45.30000000000007,35.0,-2.0749999999986026,39.0
307,301758.0,-26.999999999998696,41.0,0.7750000000014653,39.95
308,301993.0,45.599999999999966,33.0,7.255000000001466,40.5
309,303493.0,-32.99999999999912,39.0,5.005000000001315,39.75
310,304993.0,-89.99999999999963,20.0,0.20500000000115365,38.15
311,306493.0,-83.99999999999984,22.0,-2.4949999999988934,37.25
312,307993.0,-86.99999999999984,21.0,-11.874999999998925,35.6
313,309493.0,-89.99999999999963,20.0,-21.76999999999895,33.75
314,310993.0,156.00000000000753,102.0,-14.709999999998569,37.85
315,312493.0,-23.999999999999464,42.0,-16.62999999999854,38.95
316,313993.0,-23.999999999998327,42.0,-13.329999999998472,40.05
317,315493.0,195.00000000000725,115.0,0.9200000000018733,44.8
318,316550.0,443.29999999999364,173.0,22.33500000000135,50.7
319,318050.0,-26.99999999999857,41.0,20.235000000001218,50.0
320,319550.0,257.99999999998204,136.0,32.08500000000015,53.95
321,321050.0,365.9999999999836,172.0,47.38499999999897,59.05
322,322550.0,251.99999999998428,134.0,58.539999999998216,63.95
323,324050.0,254.9999999999824,135.0,73.44999999999739,68.9
324,325550.0,254.99999999998224,135.0,90.84999999999647,74.7
325,327050.0,-20.999999999998114,43.0,88.20999999999658,75.05
326,328550.0,15.000000000004068,55.0,86.69499999999678,76.05
327,329620.0,441.999999999994,173.0,110.14499999999641,82.65
328,330684.0,442.5999999999949,173.0,129.99499999999617,89.65
329,332184.0,329.99999999998204,160.0,148.14499999999524,95.7
330,333258.0,441.5999999999942,173.0,174.7249999999949,103.35
331,334758.0,257.9999999999811,136.0,191.82499999999396,109.05
332,335046.0,70.3000000000006,43.0,199.68999999999397,110.15
333,336546.0,257.9999999999829,136.0,217.08999999999315,115.95
334,338046.0,332.9999999999825,161.0,225.93999999999187,118.9
335,339036.0,449.9999999999936,173.0,249.63999999999152,125.45
336,340536.0,-17.999999999997815,44.0,249.93999999999156,125.55
337,342036.0,260.9999999999818,137.0,253.2399999999903,126.65
338,343075.0,445.0999999999923,173.0,253.3299999999902,126.65
339,344125.0,443.9999999999935,173.0,276.8799999999898,133.25
340,345625.0,-26.999999999998625,41.0,262.62999999999073,128.5
341,347125.0,263.99999999998136,138.0,257.52999999999065,126.8
342,348135.0,447.9999999999928,173.0,267.3299999999911,128.75
343,349141.0,448.39999999999543,173.0,276.9999999999917,130.65
344,350153.0,447.7999999999923,173.0,286.63999999999226,132.55
345,351653.0,335.9999999999818,162.0,304.48999999999126,138.5
346,352606.0,453.6999999999935,173.0,326.4249999999907,144.4
347,353654.0,444.19999999999277,173.0,326.53499999999065,144.4
348,354659.0,448.4999999999927,173.0,326.82999999999055,144.4
349,355685.0,446.3999999999927,173.0,332.6499999999911,145.05
350,356730.0,444.49999999999375,173.0,332.79499999999103,145.05
351,357727.0,449.29999999999393,173.0,342.35999999999166,146.9
352,358473.0,288.49999999999744,131.0,353.2699999999915,151.3
353,359516.0,444.6999999999931,173.0,362.604999999992,153.15
354,360480.0,374.69999999999544,167.0,364.68999999999266,153.45
355,361257.0,276.39999999999986,128.0,356.00999999999306,151.2
356,362079.0,289.8999999999975,134.0,371.40499999999275,155.7
357,362872.0,295.7999999999977,135.0,373.1449999999935,155.6
358,363877.0,448.49999999999363,173.0,373.3149999999936,155.6
359,364975.0,439.19999999999266,173.0,373.07499999999357,155.6
360,365642.0,251.40000000000043,116.0,386.9949999999935,159.35
361,367142.0,332.9999999999832,161.0,390.4449999999936,160.5
362,368141.0,380.1999999999938,170.0,387.05499999999364,160.35
363,369641.0,344.9999999999825,165.0,381.88499999999306,159.95
364,370639.0,449.19999999999413,173.0,381.95499999999316,159.95
365,371659.0,446.99999999999284,173.0,387.5049999999937,160.5
366,372679.0,446.99999999999295,173.0,387.1699999999936,160.5
367,374179.0,21.000000000004476,57.0,366.0099999999942,154.7
368,375185.0,448.3999999999924,173.0,366.0049999999942,154.7
369,376205.0,446.9999999999927,173.0,366.0349999999942,154.7
370,377184.0,451.09999999999303,173.0,366.3649999999942,154.7
371,377416.0,57.90000000000023,37.0,346.7949999999945,147.9
372,378916.0,338.99999999998226,163.0,349.3199999999937,149.5
373,379884.0,452.19999999999436,173.0,349.6949999999938,149.5
374,380871.0,450.29999999999416,173.0,353.47499999999377,149.8
375,381873.0,448.7999999999934,173.0,362.0949999999934,152.05
376,383373.0,362.9999999999806,171.0,365.7499999999926,153.9
377,384357.0,450.59999999999377,173.0,373.4899999999924,155.8
378,385857.0,359.99999999998363,170.0,369.06499999999187,155.65
379,386846.0,450.0999999999942,173.0,369.60999999999194,155.65
380,387841.0,449.49999999999386,173.0,379.51499999999163,158.5
381,388788.0,454.29999999999427,173.0,385.5799999999922,159.1
382,389790.0,448.79999999999313,173.0,389.00999999999215,159.25
383,390576.0,278.49999999999886,129.0,385.684999999993,157.45
384,391544.0,452.19999999999345,173.0,385.83499999999293,157.45
385,392488.0,454.5999999999942,173.0,386.214999999993,157.45
386,393496.0,448.19999999999254,173.0,386.274999999993,157.45
387,394437.0,454.89999999999264,173.0,407.9699999999924,163.25
388,395439.0,448.79999999999313,173.0,407.9899999999924,163.25
389,396440.0,448.8999999999943,173.0,408.08499999999253,163.25
390,397436.0,449.399999999995,173.0,407.9999999999926,163.25
391,398425.0,450.09999999999326,173.0,427.6099999999922,170.05
392,399384.0,453.0999999999947,173.0,433.3149999999929,170.55
393,400389.0,448.4999999999932,173.0,433.1299999999927,170.55
394,401393.0,448.5999999999929,173.0,433.0449999999927,170.55
395,402350.0,453.2999999999947,173.0,433.2699999999928,170.55
396,403335.0,450.4999999999935,173.0,437.64499999999344,170.65
397,404315.0,450.9999999999929,173.0,437.6649999999934,170.65
398,405297.0,450.799999999993,173.0,442.2049999999939,170.8
399,406797.0,347.9999999999828,166.0,437.09999999999326,170.45
400,407729.0,455.7999999999938,173.0,437.41499999999326,170.45
401,408701.0,451.7999999999929,173.0,437.28999999999326,170.45
402,409699.0,449.1999999999946,173.0,437.3099999999934,170.45
403,410653.0,453.5999999999941,173.0,446.06499999999306,172.65
404,411636.0,450.699999999993,173.0,445.9899999999931,172.65
405,412589.0,453.6999999999938,173.0,445.944999999993,172.65
406,413575.0,450.3999999999943,173.0,446.05499999999313,172.65
407,414587.0,447.7999999999922,173.0,445.6999999999931,172.65
408,415563.0,451.3999999999944,173.0,445.8299999999931,172.65
409,416541.0,451.199999999994,173.0,445.9449999999932,172.65
410,417488.0,454.2999999999945,173.0,446.1899999999931,172.65
411,418529.0,444.89999999999316,173.0,445.9299999999932,172.65
412,419492.0,452.69999999999277,173.0,445.90999999999303,172.65
413,420504.0,447.7999999999945,173.0,445.87499999999307,172.65
414,421459.0,453.49999999999375,173.0,446.1199999999932,172.65
415,422403.0,454.5999999999947,173.0,446.1849999999931,172.65
416,423415.0,447.79999999999455,173.0,446.0499999999932,172.65
417,424365.0,453.99999999999295,173.0,446.1999999999933,172.65
418,425342.0,451.2999999999947,173.0,446.22499999999326,172.65
419,426312.0,451.99999999999267,173.0,451.4249999999937,173.0
420,427251.0,365.19999999999516,163.0,446.8949999999938,172.5
421,428047.0,292.4999999999975,134.0,438.9299999999941,170.55
422,428986.0,455.0999999999939,173.0,439.224999999994,170.55
423,429960.0,451.5999999999947,173.0,439.1249999999941,170.55
424,430938.0,451.1999999999931,173.0,439.14999999999407,170.55
425,431945.0,448.29999999999256,173.0,438.879999999994,170.55
426,432913.0,452.19999999999266,173.0,438.969999999994,170.55
427,433846.0,455.6999999999939,173.0,439.36499999999404,170.55
428,434836.0,449.9999999999933,173.0,439.294999999994,170.55
429,435792.0,453.3999999999943,173.0,439.40499999999395,170.55
430,436793.0,448.89999999999503,173.0,439.134999999994,170.55
431,437756.0,452.6999999999932,173.0,439.524999999994,170.55
432,438735.0,451.0999999999947,173.0,439.4449999999941,170.55
433,439716.0,450.89999999999236,173.0,439.5999999999939,170.55
434,441216.0,338.9999999999811,163.0,433.87499999999335,170.05
435,442221.0,448.4999999999919,173.0,433.56999999999323,170.05
436,443289.0,442.19999999999476,173.0,433.28999999999326,170.05
437,444252.0,452.6999999999929,173.0,433.2249999999932,170.05
438,445464.0,427.799999999988,173.0,432.0499999999929,170.05
439,446440.0,451.39999999999344,173.0,432.0199999999929,170.05
440,447400.0,452.9999999999941,173.0,436.40999999999286,170.55
441,448356.0,453.3999999999941,173.0,444.45499999999265,172.5
442,449377.0,446.8999999999944,173.0,444.0449999999927,172.5
443,450405.0,446.1999999999947,173.0,443.7749999999927,172.5
444,451391.0,375.4999999999923,168.0,439.9899999999927,172.25
445,452389.0,449.1999999999947,173.0,440.03499999999275,172.25
446,453414.0,446.49999999999426,173.0,439.74999999999284,172.25
447,454411.0,449.29999999999285,173.0,439.42999999999284,172.25
448,455395.0,450.5999999999942,173.0,439.4599999999929,172.25
449,456451.0,443.3999999999943,173.0,438.9599999999929,172.25
450,457449.0,449.1999999999938,173.0,438.9749999999928,172.25
451,458468.0,447.0999999999941,173.0,438.6949999999928,172.25
452,459461.0,449.6999999999943,173.0,438.6249999999929,172.25
453,460469.0,448.19999999999357,173.0,438.48999999999296,172.25
454,461420.0,453.8999999999941,173.0,444.2349999999936,172.75
455,462369.0,454.09999999999434,173.0,444.5149999999936,172.75
456,463323.0,453.5999999999929,173.0,445.08499999999356,172.75
457,464323.0,448.9999999999924,173.0,444.89999999999355,172.75
458,465297.0,451.5999999999945,173.0,446.0899999999939,172.75
459,466247.0,453.99999999999295,173.0,446.2199999999939,172.75
460,467217.0,451.99999999999375,173.0,446.1699999999939,172.75
461,468170.0,453.69999999999425,173.0,446.18499999999386,172.75
462,469155.0,450.49999999999426,173.0,446.36499999999387,172.75
463,470159.0,448.5999999999942,173.0,446.48499999999376,172.75
464,471178.0,447.0999999999922,173.0,450.0649999999938,173.0
465,472125.0,454.299999999994,173.0,450.3199999999938,173.0
466,473095.0,451.9999999999935,173.0,450.5949999999937,173.0
467,474064.0,452.099999999993,173.0,450.73499999999365,173.0
468,475041.0,451.2999999999925,173.0,450.76999999999373,173.0
469,476062.0,446.89999999999475,173.0,450.9449999999937,173.0
470,477001.0,455.0999999999941,173.0,451.2399999999937,173.0
471,477969.0,452.1999999999928,173.0,451.49499999999364,173.0
472,478966.0,449.29999999999427,173.0,451.47499999999354,173.0
473,479704.0,286.29999999999853,130.0,443.37999999999386,170.85
474,480679.0,451.4999999999934,173.0,443.25999999999374,170.85
475,481715.0,445.3999999999944,173.0,442.8249999999939,170.85
476,482758.0,444.6999999999944,173.0,442.3799999999939,170.85
477,483766.0,448.1999999999935,173.0,442.33999999999395,170.85
478,484755.0,450.09999999999354,173.0,442.26499999999385,170.85
479,485716.0,452.89999999999327,173.0,442.20999999999395,170.85
480,486676.0,452.9999999999946,173.0,442.25999999999397,170.85
481,487702.0,446.3999999999942,173.0,441.89499999999396,170.85
482,488668.0,452.3999999999937,173.0,441.989999999994,170.85
483,489704.0,445.3999999999935,173.0,441.8299999999939,170.85
484,490721.0,447.29999999999393,173.0,441.83999999999395,170.85
485,491744.0,446.69999999999413,173.0,441.459999999994,170.85
486,492751.0,448.2999999999939,173.0,441.27499999999407,170.85
487,493702.0,453.8999999999937,173.0,441.36499999999404,170.85
488,494708.0,448.39999999999225,173.0,441.219999999994,170.85
489,495655.0,454.29999999999416,173.0,441.58999999999406,170.85
490,496698.0,444.6999999999941,173.0,441.06999999999397,170.85
491,497697.0,449.0999999999941,173.0,440.91499999999417,170.85
492,498638.0,454.89999999999304,173.0,441.19499999999397,170.85
493,499704.0,442.3999999999944,173.0,448.9999999999938,173.0
494,501004.0,418.99999999999466,173.0,447.3749999999939,173.0
495,501987.0,450.6999999999929,173.0,447.6399999999938,173.0
496,502970.0,450.6999999999932,173.0,447.9399999999938,173.0
497,504054.0,440.5999999999931,173.0,447.55999999999375,173.0
498,505049.0,449.4999999999927,173.0,447.5299999999937,173.0
499,505992.0,454.6999999999939,173.0,447.6199999999937,173.0
500,507492.0,320.9999999999835,157.0,441.01999999999316,172.2
501,508508.0,447.39999999999293,173.0,441.06999999999306,172.2
502,509516.0,448.19999999999436,173.0,440.85999999999314,172.2
503,510528.0,447.7999999999927,173.0,440.9799999999931,172.2
504,510785.0,52.40000000000006,36.0,421.2349999999934,165.35
505,511726.0,454.899999999993,173.0,421.64499999999333,165.35
506,512729.0,448.6999999999945,173.0,421.6649999999933,165.35
507,513755.0,446.3999999999926,173.0,421.2899999999933,165.35
508,514727.0,451.7999999999929,173.0,421.45999999999333,165.35
509,515730.0,448.69999999999175,173.0,421.1799999999932,165.35
510,516834.0,438.5999999999918,173.0,420.87499999999307,165.35
511,517788.0,453.5999999999929,173.0,421.0999999999931,165.35
512,519288.0,365.9999999999824,172.0,416.65499999999247,165.3
513,520299.0,447.8999999999944,173.0,416.92999999999245,165.3
514,521314.0,447.49999999999454,173.0,418.35499999999246,165.3
515,522300.0,450.39999999999304,173.0,418.33999999999253,165.3
516,523092.0,322.8999999999978,144.0,411.9499999999927,163.85
517,524108.0,447.39999999999463,173.0,412.28999999999286,163.85
518,525150.0,444.7999999999929,173.0,412.05499999999284,163.85
519,526186.0,445.39999999999327,173.0,411.58999999999276,163.85
520,527202.0,447.3999999999928,173.0,417.9099999999932,164.65
521,528233.0,445.89999999999213,173.0,417.8349999999932,164.65
522,529246.0,447.69999999999294,173.0,417.8099999999931,164.65
523,530229.0,450.6999999999941,173.0,417.9549999999932,164.65
524,531238.0,448.09999999999275,173.0,437.73999999999285,171.5
525,532179.0,454.89999999999327,173.0,437.73999999999285,171.5
526,533173.0,449.5999999999933,173.0,437.78499999999286,171.5
527,534186.0,447.6999999999927,173.0,437.8499999999928,171.5
528,535139.0,453.69999999999413,173.0,437.9449999999929,171.5
529,536160.0,446.89999999999236,173.0,437.8549999999929,171.5
530,537207.0,444.29999999999444,173.0,438.13999999999305,171.5
531,538179.0,451.79999999999325,173.0,438.0499999999931,171.5
532,539188.0,448.09999999999263,173.0,442.15499999999355,171.55
533,540225.0,445.2999999999929,173.0,442.02499999999355,171.55
534,541230.0,448.4999999999931,173.0,442.07499999999345,171.55
535,542263.0,445.6999999999938,173.0,441.83999999999344,171.55
536,543266.0,448.69999999999374,173.0,448.1299999999932,173.0
537,544381.0,437.49999999999477,173.0,447.6349999999933,173.0
538,545131.0,279.0999999999988,128.0,439.34999999999354,170.75
539,546081.0,453.9999999999935,173.0,439.77999999999355,170.75
540,547097.0,447.39999999999424,173.0,439.77999999999366,170.75
541,548036.0,455.09999999999434,173.0,440.23999999999376,170.75
542,548985.0,454.0999999999942,173.0,440.55999999999386,170.75
543,549913.0,456.19999999999436,173.0,440.83499999999384,170.75
544,550892.0,451.099999999993,173.0,440.9849999999939,170.75
545,551881.0,450.09999999999366,173.0,440.7449999999938,170.75
546,552823.0,454.79999999999313,173.0,441.00499999999386,170.75
547,553816.0,449.6999999999931,173.0,441.10499999999394,170.75
548,554763.0,454.29999999999416,173.0,441.13499999999385,170.75
549,555775.0,447.79999999999296,173.0,441.1799999999938,170.75
550,556808.0,445.69999999999425,173.0,441.2499999999939,170.75
551,557815.0,448.2999999999935,173.0,441.0749999999939,170.75
552,558834.0,447.09999999999457,173.0,441.024999999994,170.75
553,559819.0,450.4999999999937,173.0,441.28499999999406,170.75
554,560739.0,456.99999999999443,173.0,441.7099999999941,170.75
555,561764.0,446.4999999999947,173.0,441.7499999999942,170.75
556,562748.0,450.59999999999354,173.0,441.84499999999406,170.75
557,563737.0,450.09999999999354,173.0,442.4749999999941,170.75
558,564706.0,452.09999999999343,173.0,451.1249999999938,173.0
559,565634.0,456.1999999999932,173.0,451.2349999999939,173.0
560,566593.0,453.0999999999933,173.0,451.5199999999938,173.0
561,567593.0,448.99999999999466,173.0,451.2149999999938,173.0
562,568568.0,451.49999999999363,173.0,451.08499999999367,173.0
563,569495.0,456.2999999999933,173.0,451.08999999999367,173.0
564,570441.0,454.39999999999327,173.0,451.25499999999374,173.0
565,571387.0,454.39999999999327,173.0,451.4699999999937,173.0
566,572357.0,451.9999999999942,173.0,451.32999999999373,173.0
567,573364.0,448.29999999999234,173.0,451.2599999999937,173.0
568,574327.0,452.69999999999357,173.0,451.17999999999364,173.0
569,575339.0,447.7999999999946,173.0,451.17999999999375,173.0
570,576168.0,352.1999999999964,155.0,446.50499999999386,172.1
571,577109.0,454.8999999999935,173.0,446.83499999999384,172.1
572,578054.0,454.4999999999945,173.0,447.20499999999384,172.1
573,578988.0,455.5999999999933,173.0,447.45999999999384,172.1
574,580000.0,447.7999999999929,173.0,446.99999999999375,172.1
575,581067.0,442.29999999999205,173.0,446.7899999999936,172.1
576,581846.0,279.1999999999987,129.0,438.2199999999939,169.9
577,582817.0,451.8999999999935,173.0,438.30999999999386,169.9
578,583820.0,448.69999999999357,173.0,438.13999999999385,169.9
579,584781.0,452.8999999999942,173.0,437.9749999999939,169.9
580,585735.0,453.59999999999366,173.0,437.9999999999939,169.9
581,586669.0,455.59999999999434,173.0,438.3299999999939,169.9
582,587655.0,450.39999999999327,173.0,438.2749999999939,169.9
583,588597.0,454.79999999999427,173.0,438.199999999994,169.9
584,589599.0,448.7999999999937,173.0,437.919999999994,169.9
585,590644.0,444.4999999999945,173.0,437.4249999999941,169.9
586,591678.0,445.5999999999946,173.0,437.104999999994,169.9
587,592621.0,454.69999999999436,173.0,437.42499999999416,169.9
588,593694.0,441.6999999999945,173.0,436.87499999999426,169.9
589,595194.0,365.9999999999819,172.0,432.7849999999936,169.85
590,596181.0,450.29999999999484,173.0,437.6899999999935,170.75
591,597212.0,445.89999999999407,173.0,437.23999999999353,170.75
592,598241.0,446.0999999999949,173.0,436.8199999999935,170.75
593,599223.0,450.79999999999376,173.0,436.57999999999356,170.75
594,600205.0,450.79999999999325,173.0,436.72999999999365,170.75
595,601234.0,446.099999999993,173.0,436.9199999999937,170.75
596,602237.0,448.6999999999929,173.0,445.39499999999333,172.95
597,603193.0,453.39999999999293,173.0,445.4699999999933,172.95
598,604693.0,365.99999999998124,172.0,441.33499999999265,172.9
599,606193.0,365.9999999999819,172.0,436.98999999999205,172.85
600,607173.0,450.9999999999931,173.0,436.8599999999921,172.85
601,608191.0,447.19999999999345,173.0,436.43999999999204,172.85
602,609123.0,455.79999999999325,173.0,436.70999999999196,172.85
603,610070.0,454.2999999999935,173.0,436.68499999999193,172.85
604,611030.0,452.99999999999466,173.0,436.89499999999197,172.85
605,612054.0,446.5999999999922,173.0,436.9999999999919,172.85
606,613039.0,450.49999999999307,173.0,437.2449999999918,172.85
607,614067.0,446.1999999999921,173.0,436.8199999999917,172.85
608,615027.0,452.9999999999934,173.0,437.3849999999917,172.85
609,616008.0,450.89999999999327,173.0,441.6299999999922,172.9
610,616988.0,450.999999999993,173.0,441.6649999999921,172.9
611,618010.0,446.7999999999928,173.0,441.70999999999214,172.9
612,618976.0,452.3999999999934,173.0,442.024999999992,172.9
613,620005.0,446.0999999999928,173.0,441.78999999999195,172.9
614,621055.0,443.999999999995,173.0,441.449999999992,172.9
615,622000.0,454.49999999999295,173.0,441.869999999992,172.9
616,623051.0,443.8999999999932,173.0,441.6299999999921,172.9
617,624066.0,447.4999999999943,173.0,441.33499999999214,172.9
618,625129.0,442.6999999999948,173.0,445.1699999999928,172.95
619,626164.0,445.49999999999375,173.0,449.14499999999344,173.0
620,627147.0,450.6999999999931,173.0,449.1299999999934,173.0
621,628162.0,447.49999999999324,173.0,449.14499999999333,173.0
622,629131.0,452.09999999999354,173.0,448.9599999999934,173.0
623,630278.0,434.29999999999484,173.0,447.9599999999935,173.0
624,631214.0,455.39999999999316,173.0,448.0799999999934,173.0
625,632148.0,455.5999999999941,173.0,448.5299999999935,173.0
626,633095.0,454.29999999999325,173.0,448.71999999999355,173.0
627,634085.0,449.9999999999931,173.0,448.9099999999936,173.0
628,635166.0,440.89999999999463,173.0,448.3049999999936,173.0
629,636195.0,446.0999999999942,173.0,448.0649999999937,173.0
630,637170.0,451.49999999999227,173.0,448.0899999999936,173.0
631,638186.0,447.3999999999929,173.0,448.11999999999364,173.0
632,639198.0,447.79999999999467,173.0,447.8899999999937,173.0
633,640209.0,447.89999999999463,173.0,447.97999999999377,173.0
634,641227.0,447.19999999999266,173.0,448.1399999999937,173.0
635,642245.0,447.1999999999946,173.0,447.77499999999384,173.0
636,643268.0,371.79999999999274,168.0,444.1699999999937,172.75
637,644311.0,444.69999999999186,173.0,444.02999999999355,172.75
638,645320.0,448.0999999999934,173.0,444.2999999999935,172.75
639,646452.0,435.79999999999484,173.0,443.8149999999936,172.75
640,647379.0,456.29999999999336,173.0,444.0949999999936,172.75
641,648385.0,448.39999999999316,173.0,444.1399999999936,172.75
642,649338.0,453.6999999999945,173.0,444.2199999999937,172.75
643,650277.0,455.0999999999946,173.0,445.2599999999937,172.75
644,651304.0,446.29999999999404,173.0,444.80499999999375,172.75
645,652156.0,319.8999999999983,145.0,438.0199999999939,171.35
646,653184.0,446.1999999999939,173.0,437.61499999999387,171.35
647,654190.0,448.3999999999928,173.0,437.53499999999383,171.35
648,655125.0,455.49999999999466,173.0,438.26499999999385,171.35
649,656096.0,451.89999999999293,173.0,438.5549999999938,171.35
650,657037.0,454.89999999999327,173.0,438.7249999999938,171.35
651,658050.0,447.699999999994,173.0,438.739999999994,171.35
652,658997.0,454.2999999999936,173.0,439.06499999999386,171.35
653,659994.0,449.2999999999929,173.0,439.13499999999374,171.35
654,660994.0,448.99999999999284,173.0,439.2249999999938,171.35
655,661943.0,454.09999999999457,173.0,439.5699999999938,171.35
656,662948.0,448.49999999999505,173.0,443.40499999999395,171.6
657,663907.0,453.0999999999934,173.0,443.824999999994,171.6
658,664660.0,281.7999999999988,129.0,435.5099999999943,169.4
659,665645.0,450.4999999999932,173.0,436.24499999999415,169.4
660,666701.0,443.3999999999944,173.0,435.59999999999417,169.4
661,667705.0,448.5999999999938,173.0,435.60999999999433,169.4
662,668713.0,448.1999999999926,173.0,435.3349999999941,169.4
663,669698.0,450.49999999999443,173.0,435.1049999999941,169.4
664,670624.0,456.3999999999942,173.0,435.6099999999941,169.4
665,671584.0,452.9999999999932,173.0,442.26499999999396,170.8
666,672549.0,452.49999999999386,173.0,442.5799999999939,170.8
667,673546.0,449.2999999999928,173.0,442.624999999994,170.8
668,674524.0,451.1999999999929,173.0,442.4099999999938,170.8
669,675447.0,456.6999999999935,173.0,442.64999999999384,170.8
670,676405.0,453.1999999999939,173.0,442.564999999994,170.8
671,677443.0,445.19999999999436,173.0,442.43999999999386,170.8
672,678473.0,445.99999999999284,173.0,442.02499999999384,170.8
673,679429.0,453.3999999999936,173.0,442.22999999999394,170.8
674,680392.0,452.69999999999334,173.0,442.41499999999394,170.8
675,681452.0,442.9999999999949,173.0,441.85999999999393,170.8
676,682460.0,448.19999999999266,173.0,441.8449999999939,170.8
677,683453.0,449.69999999999374,173.0,441.67499999999393,170.8
678,684380.0,456.29999999999336,173.0,450.39999999999355,173.0
679,685355.0,451.49999999999307,173.0,450.4499999999936,173.0
680,686396.0,444.8999999999945,173.0,450.5249999999936,173.0
681,687358.0,452.79999999999313,173.0,450.7349999999935,173.0
682,688363.0,448.4999999999925,173.0,450.7499999999935,173.0
683,689302.0,455.09999999999377,173.0,450.97999999999354,173.0
684,690266.0,452.59999999999354,173.0,450.7899999999935,173.0
685,691232.0,452.39999999999327,173.0,450.7599999999934,173.0
686,692258.0,446.39999999999407,173.0,450.45499999999345,173.0
687,693284.0,446.39999999999407,173.0,450.30999999999347,173.0
688,694317.0,445.69999999999413,173.0,450.03499999999366,173.0
689,695325.0,448.1999999999929,173.0,449.6099999999936,173.0
690,696350.0,446.4999999999918,173.0,449.27499999999344,173.0
691,697388.0,445.1999999999941,173.0,449.27499999999344,173.0
692,698382.0,449.59999999999286,173.0,449.45499999999345,173.0
693,699301.0,457.09999999999457,173.0,449.6399999999935,173.0
694,700228.0,456.29999999999336,173.0,449.8199999999935,173.0
695,701317.0,440.0999999999921,173.0,449.67499999999336,173.0
696,702352.0,445.499999999994,173.0,449.5399999999934,173.0
697,703344.0,449.79999999999256,173.0,449.54499999999337,173.0
698,704277.0,455.6999999999932,173.0,449.5149999999934,173.0
699,705369.0,439.7999999999946,173.0,448.92999999999336,173.0
700,706423.0,443.59999999999445,173.0,448.8649999999934,173.0
701,707378.0,453.499999999993,173.0,448.89999999999344,173.0
702,708397.0,447.099999999994,173.0,448.82999999999356,173.0
703,709360.0,452.69999999999334,173.0,448.7099999999935,173.0
704,710305.0,454.49999999999284,173.0,448.80499999999347,173.0
705,711251.0,454.39999999999486,173.0,448.90499999999355,173.0
706,712260.0,448.09999999999286,173.0,448.98999999999353,173.0
707,713246.0,450.3999999999928,173.0,449.1899999999934,173.0
708,714273.0,446.299999999994,173.0,449.2199999999933,173.0
709,715339.0,442.39999999999264,173.0,448.92999999999347,173.0
710,716170.0,354.9999999999957,156.0,444.35499999999354,172.15
711,717157.0,450.29999999999336,173.0,444.6099999999936,172.15
712,718197.0,444.9999999999932,173.0,444.3799999999936,172.15
713,719150.0,453.6999999999931,173.0,444.2099999999935,172.15
714,720121.0,451.8999999999942,173.0,443.98999999999353,172.15
715,721147.0,446.39999999999344,173.0,444.30499999999364,172.15
716,722228.0,440.8999999999906,173.0,444.07499999999345,172.15
717,723235.0,448.29999999999285,173.0,443.99999999999346,172.15
718,724186.0,453.89999999999435,173.0,443.9099999999935,172.15
719,725147.0,452.89999999999475,173.0,444.5649999999936,172.15
720,726115.0,452.199999999993,173.0,444.9949999999934,172.15
721,727070.0,453.49999999999284,173.0,444.9949999999934,172.15
722,728072.0,448.799999999993,173.0,445.0799999999934,172.15
723,729037.0,452.49999999999284,173.0,445.06999999999334,172.15
724,729991.0,453.5999999999933,173.0,445.0249999999934,172.15
725,730982.0,449.8999999999944,173.0,444.79999999999336,172.15
726,731943.0,452.8999999999932,173.0,445.0399999999934,172.15
727,732850.0,458.2999999999945,173.0,445.43499999999347,172.15
728,733904.0,443.59999999999195,173.0,445.29999999999336,172.15
729,734900.0,449.3999999999942,173.0,445.6499999999934,172.15
730,735830.0,455.9999999999934,173.0,450.69999999999334,173.0
731,736837.0,448.299999999993,173.0,450.59999999999326,173.0
732,737932.0,439.49999999999505,173.0,450.32499999999345,173.0
733,738919.0,450.29999999999274,173.0,450.1549999999934,173.0
734,739902.0,450.6999999999932,173.0,450.0949999999933,173.0
735,740925.0,446.6999999999929,173.0,450.1099999999933,173.0
736,741916.0,449.8999999999928,173.0,450.5599999999934,173.0
737,742903.0,450.2999999999933,173.0,450.6599999999935,173.0
738,744298.0,409.49999999998533,173.0,448.43999999999306,173.0
739,745258.0,452.9999999999935,173.0,448.4449999999929,173.0
740,746204.0,454.3999999999931,173.0,448.5549999999929,173.0
741,747252.0,444.1999999999923,173.0,448.089999999993,173.0
742,748169.0,457.29999999999427,173.0,448.51499999999294,173.0
743,749108.0,455.0999999999938,173.0,448.644999999993,173.0
744,750096.0,450.1999999999938,173.0,448.4749999999931,173.0
745,751044.0,454.1999999999936,173.0,448.68999999999306,173.0
746,752078.0,445.5999999999932,173.0,448.324999999993,173.0
747,753073.0,449.4999999999926,173.0,447.88499999999294,173.0
748,754042.0,452.09999999999263,173.0,448.30999999999295,173.0
749,755107.0,442.4999999999944,173.0,447.964999999993,173.0
750,756076.0,452.0999999999933,173.0,447.7699999999929,173.0
751,756953.0,350.3999999999959,156.0,442.87499999999307,172.15
752,757912.0,453.0999999999949,173.0,443.554999999993,172.15
753,758850.0,455.1999999999932,173.0,443.7999999999931,172.15
754,759874.0,446.59999999999405,173.0,443.59499999999315,172.15
755,760786.0,457.79999999999427,173.0,444.14999999999316,172.15
756,761718.0,455.79999999999393,173.0,444.44499999999323,172.15
757,762750.0,445.79999999999336,173.0,444.21999999999326,172.15
758,763769.0,447.0999999999925,173.0,446.09999999999366,172.15
759,764775.0,448.39999999999384,173.0,445.86999999999364,172.15
760,765805.0,445.99999999999477,173.0,445.44999999999374,172.15
761,766808.0,448.69999999999396,173.0,445.6749999999938,172.15
762,767697.0,343.19999999999703,154.0,439.969999999994,171.2
763,768628.0,455.89999999999407,173.0,440.009999999994,171.2
764,769542.0,457.59999999999434,173.0,440.3799999999939,171.2
765,770491.0,454.09999999999366,173.0,440.374999999994,171.2
766,771509.0,447.1999999999945,173.0,440.454999999994,171.2
767,772482.0,451.69999999999305,173.0,440.56499999999403,171.2
768,773444.0,452.7999999999929,173.0,440.59999999999417,171.2
769,774372.0,456.1999999999944,173.0,441.2849999999941,171.2
770,775362.0,449.99999999999227,173.0,441.1799999999941,171.2
771,776348.0,450.39999999999367,173.0,446.1799999999939,172.05
772,777275.0,456.2999999999944,173.0,446.33999999999395,172.05
773,778242.0,452.29999999999256,173.0,446.1949999999939,172.05
774,779256.0,447.5999999999939,173.0,446.24499999999387,172.05
775,780033.0,270.3999999999992,126.0,436.8749999999941,169.7
776,781042.0,448.09999999999286,173.0,436.48999999999404,169.7
777,782063.0,446.8999999999925,173.0,436.544999999994,169.7
778,783010.0,454.29999999999313,173.0,436.904999999994,169.7
779,783982.0,451.79999999999484,173.0,437.0749999999941,169.7
780,784945.0,452.69999999999345,173.0,437.40999999999394,169.7
781,785987.0,444.79999999999154,173.0,437.2149999999939,169.7
782,787006.0,447.0999999999932,173.0,442.40999999999366,170.65
783,787996.0,449.9999999999945,173.0,442.1149999999937,170.65
784,789020.0,446.5999999999939,173.0,441.5649999999938,170.65
785,789982.0,452.799999999993,173.0,441.49999999999363,170.65
786,791006.0,446.5999999999945,173.0,441.4699999999937,170.65
787,792015.0,448.09999999999235,173.0,441.2899999999937,170.65
788,792935.0,456.9999999999943,173.0,441.49999999999363,170.65
789,793912.0,451.2999999999928,173.0,441.25499999999363,170.65
790,794872.0,452.99999999999494,173.0,441.4049999999937,170.65
791,795884.0,447.79999999999376,173.0,441.2749999999937,170.65
792,796934.0,443.99999999999295,173.0,440.65999999999366,170.65
793,797925.0,449.89999999999293,173.0,440.53999999999377,170.65
794,798732.0,273.39999999999895,128.0,431.8299999999939,168.4
795,799735.0,448.69999999999396,173.0,440.7449999999937,170.75
796,800679.0,454.5999999999939,173.0,441.0699999999938,170.75
797,801696.0,447.29999999999313,173.0,441.0899999999938,170.75
798,802744.0,444.1999999999948,173.0,440.58499999999384,170.75
799,804244.0,365.999999999981,172.0,436.29499999999314,170.7
800,805255.0,447.89999999999236,173.0,436.05499999999313,170.7
801,806216.0,452.89999999999316,173.0,436.4599999999932,170.7
802,807070.0,352.6999999999957,156.0,431.7399999999934,169.85
803,808100.0,445.99999999999403,173.0,431.5399999999933,169.85
804,809093.0,449.69999999999425,173.0,431.69499999999334,169.85
805,810145.0,443.7999999999943,173.0,431.24499999999335,169.85
806,811124.0,451.09999999999195,173.0,431.46999999999326,169.85
807,812148.0,446.599999999994,173.0,431.39499999999333,169.85
808,813093.0,454.4999999999936,173.0,431.26999999999333,169.85
809,814103.0,447.99999999999466,173.0,431.10499999999337,169.85
810,815130.0,446.29999999999467,173.0,430.76999999999344,169.85
811,816159.0,446.0999999999939,173.0,430.6849999999934,169.85
812,817098.0,455.099999999993,173.0,431.2399999999934,169.85
813,818124.0,446.3999999999941,173.0,431.0649999999935,169.85
814,819142.0,447.1999999999928,173.0,439.7549999999931,172.1
815,820089.0,454.29999999999495,173.0,440.0349999999932,172.1
816,821050.0,452.8999999999934,173.0,439.9499999999933,172.1
817,822001.0,453.8999999999936,173.0,440.2799999999932,172.1
818,822910.0,458.0999999999942,173.0,440.9749999999932,172.1
819,823907.0,449.2999999999946,173.0,445.13999999999385,172.15
820,824981.0,441.5999999999939,173.0,444.824999999994,172.15
821,825941.0,452.99999999999415,173.0,444.8299999999939,172.15
822,826946.0,448.49999999999255,173.0,449.6199999999938,173.0
823,827886.0,454.99999999999466,173.0,450.0699999999938,173.0
824,828795.0,458.0999999999942,173.0,450.48999999999387,173.0
825,829763.0,452.1999999999939,173.0,450.90999999999383,173.0
826,830739.0,451.3999999999944,173.0,450.92499999999393,173.0
827,831756.0,447.299999999993,173.0,450.95999999999395,173.0
828,832663.0,458.2999999999944,173.0,451.1499999999939,173.0
829,833612.0,454.09999999999354,173.0,451.4549999999939,173.0
830,834525.0,343.7999999999961,155.0,446.329999999994,172.1
831,835551.0,446.39999999999424,173.0,446.344999999994,172.1
832,836575.0,446.5999999999929,173.0,445.919999999994,172.1
833,837571.0,449.3999999999939,173.0,446.06999999999397,172.1
834,838576.0,448.49999999999415,173.0,446.134999999994,172.1
835,839619.0,444.6999999999942,173.0,445.654999999994,172.1
836,840642.0,446.69999999999277,173.0,445.3449999999939,172.1
837,841636.0,449.59999999999417,173.0,445.129999999994,172.1
838,842714.0,441.19999999999186,173.0,444.28499999999383,172.1
839,843651.0,455.29999999999336,173.0,444.58499999999384,172.1
840,844191.0,201.1000000000018,95.0,432.5599999999942,168.2
841,845691.0,365.99999999998266,172.0,428.20999999999356,168.15
842,846699.0,448.19999999999277,173.0,428.1949999999936,168.15
843,847710.0,447.89999999999463,173.0,427.8399999999936,168.15
844,848693.0,450.69999999999277,173.0,427.4699999999936,168.15
845,849619.0,456.39999999999327,173.0,427.6799999999936,168.15
846,850673.0,443.5999999999915,173.0,427.2899999999934,168.15
847,851649.0,451.399999999994,173.0,427.4949999999934,168.15
848,852672.0,446.699999999993,173.0,426.9149999999933,168.15
849,853648.0,451.39999999999304,173.0,426.7799999999934,168.15
850,854633.0,450.4999999999934,173.0,432.11499999999324,169.05
851,856133.0,233.99999999998764,128.0,421.4949999999929,166.8
852,857053.0,456.99999999999426,173.0,422.01499999999294,166.8
853,857985.0,455.7999999999936,173.0,422.33499999999293,166.8
854,858911.0,456.3999999999934,173.0,422.7299999999929,166.8
855,859939.0,446.199999999994,173.0,422.80499999999284,166.8
856,860918.0,451.0999999999925,173.0,423.02499999999293,166.8
857,861816.0,459.19999999999345,173.0,423.50499999999283,166.8
858,862769.0,453.6999999999928,173.0,424.12999999999295,166.8
859,863699.0,455.9999999999947,173.0,424.164999999993,166.8
860,864680.0,450.8999999999935,173.0,436.65499999999247,170.7
861,865613.0,455.69999999999385,173.0,441.13999999999317,170.75
862,866545.0,455.79999999999336,173.0,441.51999999999305,170.75
863,867461.0,457.3999999999932,173.0,441.99499999999307,170.75
864,868466.0,448.4999999999943,173.0,441.8849999999931,170.75
865,869414.0,454.199999999993,173.0,441.77499999999316,170.75
866,870405.0,449.8999999999925,173.0,442.0899999999932,170.75
867,871384.0,451.0999999999929,173.0,442.07499999999317,170.75
868,872400.0,447.39999999999304,173.0,442.10999999999314,170.75
869,873318.0,457.19999999999345,173.0,442.39999999999316,170.75
870,874257.0,455.09999999999457,173.0,442.6299999999932,170.75
871,875109.0,352.8999999999953,156.0,448.57499999999357,172.15
872,876133.0,446.599999999993,173.0,448.05499999999347,172.15
873,877075.0,454.79999999999484,173.0,448.0049999999936,172.15
874,878063.0,450.19999999999243,173.0,447.6949999999935,172.15
875,879058.0,449.49999999999415,173.0,447.8599999999936,172.15
876,879973.0,457.4999999999942,173.0,448.17999999999364,172.15
877,880970.0,449.2999999999942,173.0,447.6849999999937,172.15
878,881916.0,454.3999999999928,173.0,447.7199999999936,172.15
879,882891.0,451.49999999999375,173.0,447.49499999999364,172.15
880,883930.0,445.099999999993,173.0,447.20499999999356,172.15
881,884893.0,452.69999999999413,173.0,447.0549999999936,172.15
882,885850.0,453.2999999999935,173.0,446.9299999999936,172.15
883,886845.0,449.4999999999941,173.0,446.53499999999366,172.15
884,887813.0,452.19999999999436,173.0,446.7199999999936,172.15
885,888799.0,450.39999999999435,173.0,446.52999999999366,172.15
886,889835.0,445.3999999999943,173.0,446.30499999999375,172.15
887,890777.0,454.7999999999939,173.0,446.48999999999376,172.15
888,891756.0,451.09999999999354,173.0,446.67499999999393,172.15
889,892756.0,448.99999999999454,173.0,446.26499999999396,172.15
890,893734.0,451.1999999999945,173.0,446.0699999999939,172.15
891,894727.0,449.6999999999919,173.0,450.9099999999938,173.0
892,895718.0,449.8999999999944,173.0,451.0749999999939,173.0
893,896747.0,446.099999999993,173.0,450.6399999999938,173.0
894,897736.0,450.09999999999235,173.0,450.63499999999374,173.0
895,898699.0,452.6999999999936,173.0,450.7949999999937,173.0
896,899701.0,448.79999999999427,173.0,450.35999999999365,173.0
897,900703.0,448.79999999999313,173.0,450.33499999999367,173.0
898,901623.0,456.9999999999934,173.0,450.46499999999367,173.0
899,902634.0,447.89999999999384,173.0,450.28499999999366,173.0
900,903583.0,454.09999999999354,173.0,450.73499999999365,173.0
901,904533.0,453.9999999999935,173.0,450.7999999999937,173.0
902,905516.0,450.69999999999436,173.0,450.6699999999937,173.0
903,906484.0,452.199999999993,173.0,450.80499999999364,173.0
904,907381.0,459.2999999999944,173.0,451.15999999999366,173.0
905,908340.0,453.09999999999366,173.0,451.2949999999937,173.0
906,909348.0,448.1999999999937,173.0,451.4349999999937,173.0
907,910848.0,365.99999999998107,172.0,446.99499999999296,172.95
908,911825.0,451.2999999999944,173.0,447.004999999993,172.95
909,912801.0,451.3999999999928,173.0,447.1249999999929,172.95
910,913795.0,449.5999999999925,173.0,447.0449999999929,172.95
911,914765.0,451.9999999999932,173.0,447.1599999999929,172.95
912,915724.0,453.0999999999925,173.0,447.3199999999928,172.95
913,916718.0,449.5999999999925,173.0,447.49499999999273,172.95
914,917660.0,454.7999999999936,173.0,447.72999999999286,172.95
915,918657.0,449.2999999999946,173.0,447.55999999999295,172.95
916,919646.0,450.0999999999942,173.0,447.62499999999284,172.95
917,920610.0,452.5999999999933,173.0,447.8149999999929,172.95
918,921594.0,450.5999999999931,173.0,447.4949999999929,172.95
919,922509.0,457.49999999999363,173.0,447.9749999999929,172.95
920,923430.0,456.8999999999935,173.0,448.11499999999285,172.95
921,924291.0,351.999999999996,156.0,443.01499999999294,172.1
922,925355.0,442.5999999999909,173.0,442.60999999999274,172.1
923,926343.0,450.1999999999946,173.0,442.50999999999294,172.1
924,927278.0,455.4999999999938,173.0,442.3199999999928,172.1
925,928218.0,454.99999999999363,173.0,442.41499999999286,172.1
926,929161.0,454.69999999999357,173.0,442.73999999999285,172.1
927,930114.0,453.6999999999935,173.0,447.12499999999346,172.15
928,931083.0,452.0999999999933,173.0,447.1649999999934,172.15
929,932092.0,448.09999999999246,173.0,446.99999999999346,172.15
930,933064.0,451.79999999999353,173.0,447.1099999999935,172.15
931,934040.0,451.3999999999944,173.0,447.07999999999356,172.15
932,935005.0,452.499999999994,173.0,447.04999999999353,172.15
933,935925.0,456.999999999994,173.0,447.4199999999937,172.15
934,936909.0,450.5999999999948,173.0,447.2099999999938,172.15
935,937914.0,448.4999999999924,173.0,447.1699999999936,172.15
936,938766.0,349.899999999996,155.0,442.1599999999938,171.25
937,939705.0,455.0999999999933,173.0,442.28499999999366,171.25
938,940690.0,450.49999999999426,173.0,442.2799999999937,171.25
939,941667.0,451.29999999999455,173.0,441.9699999999938,171.25
940,942588.0,456.8999999999942,173.0,441.9699999999938,171.25
941,943575.0,450.2999999999938,173.0,446.88499999999374,172.1
942,944564.0,450.0999999999931,173.0,447.25999999999385,172.1
943,945534.0,451.99999999999324,173.0,447.3499999999938,172.1
944,946455.0,456.8999999999942,173.0,447.4199999999939,172.1
945,947415.0,452.9999999999935,173.0,447.3199999999938,172.1
946,948437.0,446.7999999999928,173.0,446.9249999999937,172.1
947,949419.0,450.7999999999931,173.0,446.7799999999937,172.1
948,950417.0,449.1999999999923,173.0,446.6349999999937,172.1
949,951410.0,449.69999999999243,173.0,446.71499999999367,172.1
950,952383.0,451.699999999993,173.0,446.70999999999367,172.1
951,953372.0,450.099999999994,173.0,446.6449999999936,172.1
952,954344.0,451.7999999999927,173.0,446.6099999999935,172.1
953,955330.0,450.3999999999933,173.0,446.27999999999355,172.1
954,956285.0,453.4999999999935,173.0,446.4249999999935,172.1
955,957230.0,454.4999999999932,173.0,446.72499999999354,172.1
956,958195.0,452.4999999999933,173.0,451.85499999999337,173.0
957,959107.0,457.79999999999427,173.0,451.9899999999934,173.0
958,960117.0,447.9999999999942,173.0,451.8649999999934,173.0
959,961049.0,455.7999999999935,173.0,452.08999999999344,173.0
960,962066.0,447.2999999999941,173.0,451.6099999999934,173.0
961,963009.0,454.69999999999436,173.0,451.82999999999345,173.0
962,964132.0,436.6999999999907,173.0,451.1599999999933,173.0
963,965234.0,438.79999999999393,173.0,450.4999999999933,173.0
964,966192.0,453.19999999999357,173.0,450.31499999999323,173.0
965,967163.0,451.89999999999384,173.0,450.2599999999933,173.0
966,968158.0,449.49999999999244,173.0,450.39499999999333,173.0
967,969095.0,455.2999999999939,173.0,450.61999999999335,173.0
968,969840.0,312.599999999998,139.0,443.7899999999937,171.3
969,970849.0,448.09999999999303,173.0,443.70999999999367,171.3
970,971806.0,453.2999999999942,173.0,443.7899999999937,171.3
971,972761.0,453.4999999999927,173.0,443.95999999999367,171.3
972,973713.0,453.7999999999944,173.0,444.0599999999937,171.3
973,974664.0,453.89999999999293,173.0,444.23499999999365,171.3
974,975642.0,451.1999999999945,173.0,444.1199999999938,171.3
975,976581.0,455.09999999999343,173.0,444.1499999999937,171.3
976,977561.0,450.99999999999295,173.0,444.07499999999374,171.3
977,978523.0,452.7999999999929,173.0,443.82499999999374,171.3
978,979513.0,449.99999999999375,173.0,443.92499999999364,171.3
979,980497.0,450.5999999999923,173.0,443.6649999999936,171.3
980,981462.0,452.4999999999927,173.0,443.92499999999353,171.3
981,982416.0,453.5999999999938,173.0,443.8699999999934,171.3
982,983387.0,451.8999999999927,173.0,444.6299999999936,171.3
983,984388.0,448.89999999999407,173.0,445.13499999999357,171.3
984,985379.0,449.89999999999407,173.0,444.9699999999936,171.3
985,986348.0,452.0999999999926,173.0,444.97999999999354,171.3
986,987336.0,450.19999999999254,173.0,445.0149999999936,171.3
987,988313.0,451.29999999999404,173.0,444.8149999999936,171.3
988,989213.0,458.9999999999945,173.0,452.1349999999934,173.0
989,990140.0,456.2999999999935,173.0,452.54499999999337,173.0
990,991052.0,457.7999999999936,173.0,452.76999999999333,173.0
991,991964.0,457.7999999999942,173.0,452.9849999999935,173.0
992,992956.0,449.7999999999937,173.0,452.7849999999934,173.0
993,993684.0,284.2999999999985,129.0,444.30499999999375,170.8
994,994664.0,450.99999999999386,173.0,444.2949999999937,170.8
995,995624.0,452.99999999999295,173.0,444.1899999999937,170.8
996,996652.0,446.19999999999203,173.0,443.9499999999936,170.8
997,997664.0,447.7999999999941,173.0,443.6999999999936,170.8
998,998700.0,445.39999999999253,173.0,443.4699999999936,170.8
999,999619.0,457.09999999999394,173.0,443.7949999999937,170.8
1000,1000489.0,351.09999999999593,156.0,438.7249999999938,169.95
